<?xml version="1.0" encoding="UTF-8"?>
<project-private xmlns="http://www.netbeans.org/ns/project-private/1">
    <editor-bookmarks xmlns="http://www.netbeans.org/ns/editor-bookmarks/2" lastBookmarkId="0"/>
    <open-files xmlns="http://www.netbeans.org/ns/projectui-open-files/2">
        <group>
            <file>file:/C:/Users/Admin/Desktop/practical%20software%20enginiering%20l/Assaigments/assaigment-3/tron-assaigment/src/model/Main.java</file>
            <file>file:/C:/Users/Admin/Desktop/practical%20software%20enginiering%20l/Assaigments/assaigment-3/tron-assaigment/src/model/Player.java</file>
            <file>file:/C:/Users/Admin/Desktop/practical%20software%20enginiering%20l/Assaigments/assaigment-3/tron-assaigment/src/model/GameEngine.java</file>
            <file>file:/C:/Users/Admin/Desktop/practical%20software%20enginiering%20l/Assaigments/assaigment-3/tron-assaigment/src/model/Game.java</file>
        </group>
    </open-files>
</project-private>
