<?xml version="1.0" encoding="UTF-8"?>
<project-private xmlns="http://www.netbeans.org/ns/project-private/1">
    <editor-bookmarks xmlns="http://www.netbeans.org/ns/editor-bookmarks/2" lastBookmarkId="0"/>
    <open-files xmlns="http://www.netbeans.org/ns/projectui-open-files/2">
        <group>
            <file>file:/C:/Users/Laman/Desktop/OpenRa1/src/GameEngine/Level.java</file>
            <file>file:/C:/Users/Laman/Desktop/OpenRa1/src/buildings/HeadQuarter.java</file>
            <file>file:/C:/Users/Laman/Desktop/OpenRa1/src/buildings/Mine.java</file>
            <file>file:/C:/Users/Laman/Desktop/OpenRa1/src/openra/Game.java</file>
            <file>file:/C:/Users/Laman/Desktop/OpenRa1/src/buildings/Wall.java</file>
            <file>file:/C:/Users/Laman/Desktop/OpenRa1/src/buildings/Barracks.java</file>
            <file>file:/C:/Users/Laman/Desktop/OpenRa1/src/units/Units.java</file>
            <file>file:/C:/Users/Laman/Desktop/OpenRa1/src/GameEngine/Sprite.java</file>
            <file>file:/C:/Users/Laman/Desktop/OpenRa1/src/units/RPGSoldiers.java</file>
            <file>file:/C:/Users/Laman/Desktop/OpenRa1/src/units/Tank.java</file>
            <file>file:/C:/Users/Laman/Desktop/OpenRa1/src/units/Amphibious.java</file>
            <file>file:/C:/Users/Laman/Desktop/OpenRa1/src/GameEngine/GameGUI.java</file>
            <file>file:/C:/Users/Laman/Desktop/OpenRa1/src/buildings/WarFactory.java</file>
            <file>file:/C:/Users/Laman/Desktop/OpenRa1/src/GameEngine/Player.java</file>
            <file>file:/C:/Users/Laman/Desktop/OpenRa1/src/GameEngine/Rock.java</file>
            <file>file:/C:/Users/Laman/Desktop/OpenRa1/src/GameEngine/GameEngine.java</file>
            <file>file:/C:/Users/Laman/Desktop/OpenRa1/src/units/MachineGunner.java</file>
            <file>file:/C:/Users/Laman/Desktop/OpenRa1/src/buildings/Buildings.java</file>
        </group>
    </open-files>
</project-private>
